{"stats":{"minecraft:killed_by":{"alexsmobs:bison":2,"minecraft:skeleton":3,"born_in_chaos_v1:corpse_fish":1},"minecraft:picked_up":{"minecraft:crafting_table":4,"minecraft:iron_chestplate":3,"minecraft:wheat":1,"minecraft:chicken":4,"minecraft:enchanted_book":1,"gravestone:obituary":3,"minecraft:item_frame":3,"minecraft:iron_leggings":3,"minecraft:armor_stand":2,"alexsmobs:banana":1,"minecraft:spruce_planks":1,"minecraft:bucket":1,"improvableskills:scroll_normal":1,"minecraft:beef":19,"minecraft:oak_boat":1,"minecraft:jungle_sapling":1,"alexsmobs:raccoon_tail":1,"minecraft:melon_slice":23,"minecraft:coal_block":13,"minecraft:furnace":2,"minecraft:birch_sapling":2,"minecraft:iron_boots":3,"minecraft:golden_helmet":1,"minecraft:stick":11,"minecraft:raw_iron":19,"improvableskills:parchment_fragment":1,"minecraft:raw_gold_block":24,"minecraft:oak_fence":1,"minecraft:spruce_fence":1,"minecraft:porkchop":6,"minecraft:carrot":1,"minecraft:stone_sword":1,"minecraft:arrow":4,"minecraft:rotten_flesh":5,"biomesoplenty:willow_sapling":1,"minecraft:iron_block":1,"farmersdelight:rope":3,"sophisticatedbackpacks:copper_backpack":1,"minecraft:mutton":12,"minecraft:cobblestone":35,"minecraft:white_wool":11,"minecraft:birch_log":9,"minecraft:feather":6,"minecraft:cooked_beef":1,"minecraft:jungle_log":7,"vinery:jungle_grape_seeds_red":1,"minecraft:leather":4,"minecraft:golden_leggings":1,"alexsmobs:bison_fur":2,"minecraft:oak_log":25,"minecraft:golden_boots":1,"minecraft:dirt":24,"minecraft:lantern":2,"minecraft:bone":5,"minecraft:apple":6,"minecraft:stone_bricks":4,"minecraft:bow":1,"minecraft:wheat_seeds":9,"minecraft:iron_ingot":2,"minecraft:bamboo":10,"minecraft:oak_planks":8,"minecraft:cooked_porkchop":3,"minecraft:white_bed":7,"beachparty:rubber_ring_pelican":2,"alexsmobs:raw_catfish":3,"minecraft:firework_rocket":1,"minecraft:yellow_carpet":3,"born_in_chaos_v1:fire_dust":1,"waystones:waystone":1,"minecraft:iron_helmet":3,"minecraft:gray_wool":1,"minecraft:oak_sapling":13,"touhou_little_maid:shrine":2,"minecraft:oak_leaves":2,"minecraft:coal":28,"minecraft:ender_pearl":1},"minecraft:killed":{"alexsmobs:lobster":1,"alexsmobs:raccoon":1,"minecraft:spider":1,"creeperoverhaul:bamboo_creeper":1,"alexsmobs:gorilla":1,"minecraft:skeleton":4,"alexsmobs:leafcutter_ant":1,"minecraft:chicken":4,"alexsmobs:bison":2,"born_in_chaos_v1:firelight_not_despawn":2,"touhou_little_maid:fairy":2,"minecraft:pig":4,"alexsmobs:seal":1,"born_in_chaos_v1:decrepit_skeleton":1,"minecraft:sheep":9,"alexsmobs:catfish":1,"alexsmobs:crow":1,"alexsmobs:fly":1,"born_in_chaos_v1:door_knight":1,"minecraft:cow":2},"minecraft:custom":{"minecraft:interact_with_smithing_table":1,"minecraft:mob_kills":41,"minecraft:interact_with_crafting_table":13,"minecraft:open_barrel":12,"minecraft:damage_dealt_resisted":363,"minecraft:leave_game":4,"minecraft:time_since_death":83064,"minecraft:climb_one_cm":4431,"minecraft:sprint_one_cm":248191,"minecraft:walk_one_cm":274123,"minecraft:damage_blocked_by_shield":60,"minecraft:drop":65,"minecraft:talked_to_villager":9,"minecraft:play_time":105246,"minecraft:deaths":6,"minecraft:sneak_time":8526,"minecraft:walk_under_water_one_cm":35034,"minecraft:jump":1951,"minecraft:walk_on_water_one_cm":24098,"minecraft:total_world_time":105246,"minecraft:interact_with_furnace":34,"minecraft:sleep_in_bed":3,"minecraft:time_since_rest":41289,"minecraft:waystone_activated":2,"minecraft:damage_taken":4658,"minecraft:damage_dealt":5746,"minecraft:swim_one_cm":131734,"minecraft:player_kills":1,"minecraft:fly_one_cm":316421,"minecraft:crouch_one_cm":26067,"minecraft:open_chest":13,"minecraft:fall_one_cm":60656,"minecraft:horse_one_cm":4569},"minecraft:crafted":{"minecraft:oak_planks":24,"minecraft:furnace":2,"minecraft:cooked_mutton":12,"minecraft:iron_axe":1,"minecraft:stone_pickaxe":1,"minecraft:cooked_beef":6,"minecraft:cooked_porkchop":12,"minecraft:crafting_table":2,"minecraft:wooden_pickaxe":1,"minecraft:birch_planks":24,"minecraft:stone_axe":1,"minecraft:bread":3,"minecraft:air":0,"minecraft:shield":1,"minecraft:stick":16,"minecraft:iron_ingot":12,"minecraft:iron_pickaxe":1,"minecraft:stone_sword":1,"minecraft:white_bed":2},"minecraft:dropped":{"minecraft:golden_boots":1,"minecraft:wheat_seeds":3,"minecraft:golden_helmet":1,"minecraft:cooked_beef":1,"minecraft:iron_helmet":1,"minecraft:cobblestone":1,"minecraft:apple":4,"improvableskills:parchment_fragment":2,"vinery:jungle_grape_seeds_red":1,"alexsmobs:raw_catfish":1,"minecraft:yellow_carpet":3,"minecraft:stick":2,"minecraft:item_frame":1,"beachparty:rubber_ring_pelican":4,"minecraft:iron_leggings":1,"gravestone:obituary":9,"minecraft:string":6,"minecraft:white_wool":1,"alexsmobs:raccoon_tail":1,"minecraft:bone":3,"minecraft:stone_axe":1,"born_in_chaos_v1:fire_dust":1,"minecraft:stone_sword":2,"minecraft:wheat":1,"minecraft:birch_sapling":2,"minecraft:rotten_flesh":5,"born_in_chaos_v1:smoked_flesh":3,"minecraft:iron_boots":1,"minecraft:cooked_mutton":7,"minecraft:white_bed":1,"minecraft:carrot":1,"minecraft:iron_chestplate":1,"minecraft:golden_leggings":1,"minecraft:oak_sapling":6,"minecraft:stone_bricks":4,"improvableskills:scroll_normal":1,"minecraft:bamboo":4,"touhou_little_maid:shrine":1,"minecraft:arrow":1,"minecraft:oak_leaves":2},"minecraft:mined":{"minecraft:spruce_planks":1,"minecraft:white_bed":7,"gravestone:gravestone":6,"minecraft:grass_block":1,"minecraft:spruce_fence":1,"minecraft:jungle_log":2,"minecraft:coal_block":13,"minecraft:spruce_leaves":1,"minecraft:spawner":3,"minecraft:furnace":2,"minecraft:raw_gold_block":24,"minecraft:iron_ore":19,"treechop:chopped_log":9,"minecraft:vine":4,"farmersdelight:rope":3,"minecraft:dirt_path":1,"minecraft:bamboo":1,"minecraft:stone":34,"minecraft:iron_block":1,"minecraft:white_wool":5,"biomesoplenty:willow_leaves":3,"vinery:jungle_grape_bush_red":1,"biomesoplenty:glowworm_silk":1,"minecraft:oak_fence":1,"minecraft:crafting_table":4,"minecraft:melon":5,"minecraft:tall_grass":1,"biomesoplenty:sprout":5,"minecraft:oak_planks":8,"biomesoplenty:glowworm_silk_strand":1,"minecraft:birch_leaves":1,"touhou_little_maid:shrine":2,"minecraft:grass":31,"biomesoplenty:clover":1,"minecraft:oak_log":4,"minecraft:coal_ore":20,"minecraft:dirt":3,"minecraft:stone_bricks":4,"minecraft:oak_leaves":14,"minecraft:fern":73},"minecraft:used":{"minecraft:oak_fence":1,"minecraft:stone_sword":25,"minecraft:armor_stand":2,"minecraft:shield":1,"alexsmobs:medium_catfish_bucket":1,"touhou_little_maid:smart_slab_init":1,"minecraft:dirt":4,"minecraft:carrot":7,"touhou_little_maid:power_point":6,"minecraft:spruce_fence":1,"farmersdelight:rope":3,"born_in_chaos_v1:smoked_flesh":9,"minecraft:lantern":2,"minecraft:iron_axe":158,"minecraft:jungle_log":7,"minecraft:item_frame":2,"minecraft:bamboo":2,"minecraft:bow":23,"minecraft:beef":5,"minecraft:oak_sapling":7,"minecraft:furnace":2,"minecraft:cooked_beef":6,"alexsmobs:raw_catfish":2,"minecraft:cooked_mutton":5,"minecraft:water_bucket":37,"minecraft:stone_pickaxe":44,"minecraft:oak_planks":18,"minecraft:ender_pearl":1,"minecraft:wooden_pickaxe":10,"touhou_little_maid:shrine":2,"biomesoplenty:willow_sapling":1,"minecraft:white_wool":2,"minecraft:crafting_table":4,"minecraft:white_bed":7,"minecraft:apple":2,"minecraft:firework_rocket":1,"born_in_chaos_v1:monster_flesh":1,"minecraft:bread":4,"minecraft:melon_slice":6,"minecraft:iron_pickaxe":75,"touhou_little_maid:smart_slab_has_maid":2,"minecraft:stone_axe":72,"minecraft:cobblestone":1,"minecraft:cooked_porkchop":15,"minecraft:bucket":39,"minecraft:oak_boat":1,"alexsmobs:animal_dictionary":13,"beachparty:rubber_ring_pelican":1}},"DataVersion":3465}