{"stats":{"minecraft:broken":{"minecraft:stone_pickaxe":2,"minecraft:stone_axe":1,"minecraft:iron_pickaxe":1,"minecraft:golden_pickaxe":1},"minecraft:killed_by":{"minecraft:player":1,"born_in_chaos_v1:zombie_lumberjack":1,"born_in_chaos_v1:corpse_fly":1,"minecraft:skeleton":1},"minecraft:picked_up":{"minecraft:charcoal":4,"minecraft:iron_chestplate":2,"minecraft:crafting_table":2,"minecraft:wheat":26,"beachparty:rubber_ring_axolotl":1,"minecraft:flower_pot":3,"minecraft:wooden_pickaxe":1,"biomesoplenty:umbran_stairs":3,"minecraft:wither_rose":10,"gravestone:obituary":1,"minecraft:stripped_mangrove_log":32,"minecraft:string":8,"minecraft:raw_copper":9,"minecraft:item_frame":1,"minecraft:armor_stand":2,"minecraft:iron_leggings":3,"minecraft:white_carpet":9,"alexsmobs:banana":1,"improvableskills:scroll_normal":3,"minecraft:beef":27,"minecraft:iron_pickaxe":1,"minecraft:melon_slice":20,"minecraft:chest":3,"minecraft:egg":1,"farmersdelight:cabbage_seeds":6,"minecraft:iron_boots":2,"minecraft:furnace":1,"minecraft:raw_iron":31,"minecraft:stick":17,"born_in_chaos_v1:shattered_skull":1,"improvableskills:parchment_fragment":1,"minecraft:raw_gold_block":24,"biomesoplenty:umbran_planks":18,"minecraft:torch":5,"minecraft:porkchop":29,"farmersdelight:tomato_seeds":4,"minecraft:cherry_log":2,"minecraft:redstone":3,"minecraft:mangrove_trapdoor":1,"quark:ancient_tome":2,"minecraft:arrow":5,"minecraft:rotten_flesh":31,"biomesoplenty:umbran_sapling":31,"minecraft:decorated_pot":1,"farmersdelight:rope":34,"minecraft:saddle":1,"minecraft:mutton":19,"minecraft:snowball":26,"minecraft:white_wool":5,"minecraft:cobblestone":491,"minecraft:birch_log":1,"born_in_chaos_v1:corpse_maggot":4,"minecraft:cooked_beef":1,"minecraft:leather":11,"minecraft:smoker":1,"biomesoplenty:dead_log":17,"touhou_little_maid:power_point":1,"minecraft:oak_log":3,"minecraft:gunpowder":5,"minecraft:dirt":109,"minecraft:name_tag":1,"minecraft:cooked_mutton":1,"minecraft:bone":18,"minecraft:bow":1,"minecraft:wheat_seeds":43,"minecraft:iron_ingot":3,"born_in_chaos_v1:smoked_flesh":3,"minecraft:bamboo":1,"minecraft:glowstone_dust":7,"minecraft:mangrove_planks":5,"minecraft:oak_planks":9,"biomesoplenty:umbran_log":172,"biomesoplenty:toadstool":6,"minecraft:music_disc_13":1,"minecraft:sweet_berries":30,"born_in_chaos_v1:ethereal_spirit":4,"waystones:mossy_waystone":1,"minecraft:gravel":2,"born_in_chaos_v1:dark_rod":2,"minecraft:red_banner":4,"minecraft:white_bed":5,"beachparty:rubber_ring_pelican":3,"vinery:jungle_grapes_red":1,"minecraft:sugar":2,"waystones:waystone":2,"minecraft:iron_helmet":3,"minecraft:golden_apple":1,"minecraft:bread":4,"minecraft:emerald":1,"minecraft:oak_sapling":4,"touhou_little_maid:shrine":1,"minecraft:melon_seeds":2,"minecraft:coal":132},"minecraft:killed":{"minecraft:witch":1,"born_in_chaos_v1:restless_spirit":2,"born_in_chaos_v1:door_knight_not_despawn":1,"alexsmobs:tasmanian_devil":2,"born_in_chaos_v1:maggot":2,"minecraft:skeleton":4,"touhou_little_maid:fairy":1,"minecraft:pig":14,"born_in_chaos_v1:decrepit_skeleton":6,"minecraft:sheep":7,"minecraft:pillager":1,"minecraft:zombie":3,"born_in_chaos_v1:corpse_fly":3,"born_in_chaos_v1:dark_vortex":1,"alexsmobs:crow":1,"minecraft:cow":12},"minecraft:custom":{"minecraft:mob_kills":62,"minecraft:interact_with_crafting_table":22,"minecraft:open_barrel":1,"minecraft:damage_dealt_resisted":1040,"minecraft:leave_game":3,"minecraft:time_since_death":83804,"minecraft:climb_one_cm":2588,"minecraft:sprint_one_cm":259377,"minecraft:walk_one_cm":678351,"minecraft:drop":53,"minecraft:damage_dealt_absorbed":160,"minecraft:play_time":192624,"minecraft:deaths":5,"minecraft:sneak_time":1753,"minecraft:walk_under_water_one_cm":27986,"minecraft:jump":2895,"minecraft:walk_on_water_one_cm":46728,"minecraft:total_world_time":192624,"minecraft:interact_with_furnace":20,"minecraft:sleep_in_bed":4,"minecraft:time_since_rest":1836,"minecraft:waystone_activated":2,"minecraft:damage_taken":2748,"minecraft:damage_dealt":9043,"minecraft:swim_one_cm":92694,"minecraft:fly_one_cm":386705,"minecraft:open_chest":21,"minecraft:crouch_one_cm":3348,"minecraft:fall_one_cm":69290},"minecraft:crafted":{"minecraft:oak_planks":4,"minecraft:stone_shovel":1,"minecraft:golden_chestplate":1,"minecraft:furnace":3,"biomesoplenty:umbran_stairs":20,"minecraft:iron_axe":1,"minecraft:stone_pickaxe":3,"minecraft:golden_helmet":1,"minecraft:golden_boots":1,"minecraft:cooked_beef":23,"biomesoplenty:umbran_planks":84,"sophisticatedbackpacks:backpack":1,"minecraft:cooked_porkchop":9,"minecraft:crafting_table":6,"minecraft:wooden_pickaxe":1,"minecraft:iron_sword":1,"minecraft:golden_pickaxe":1,"minecraft:gold_block":6,"minecraft:mangrove_planks":20,"minecraft:birch_planks":4,"minecraft:stone_axe":1,"minecraft:air":0,"minecraft:bread":2,"minecraft:golden_leggings":1,"minecraft:stick":56,"minecraft:iron_pickaxe":1,"minecraft:iron_ingot":5,"minecraft:gold_ingot":54,"minecraft:torch":56},"minecraft:dropped":{"biomesoplenty:umbran_planks":18,"minecraft:golden_boots":1,"minecraft:wheat_seeds":2,"minecraft:golden_helmet":1,"minecraft:cooked_beef":1,"minecraft:cherry_log":1,"minecraft:cooked_porkchop":3,"minecraft:iron_helmet":1,"minecraft:cobblestone":69,"improvableskills:parchment_fragment":1,"minecraft:item_frame":1,"minecraft:dirt":6,"minecraft:snowball":24,"beachparty:rubber_ring_pelican":2,"minecraft:iron_leggings":1,"gravestone:obituary":3,"minecraft:sugar":2,"minecraft:string":2,"quark:ancient_tome":2,"minecraft:redstone":3,"minecraft:gravel":1,"minecraft:sweet_berries":26,"farmersdelight:cabbage_seeds":1,"minecraft:white_carpet":8,"minecraft:golden_leggings":1,"improvableskills:scroll_normal":1,"minecraft:stone_pickaxe":1,"minecraft:wooden_pickaxe":1,"alexsmobs:banana":1,"born_in_chaos_v1:dark_rod":1},"minecraft:used":{"minecraft:stone_shovel":11,"minecraft:chest":2,"minecraft:decorated_pot":1,"minecraft:iron_sword":173,"minecraft:rotten_flesh":2,"touhou_little_maid:smart_slab_init":1,"minecraft:torch":28,"minecraft:dirt":69,"minecraft:golden_chestplate":1,"minecraft:snowball":2,"born_in_chaos_v1:corpse_maggot":3,"born_in_chaos_v1:smoked_flesh":3,"minecraft:iron_axe":11,"minecraft:sweet_berries":8,"minecraft:furnace":3,"minecraft:egg":1,"minecraft:cooked_beef":8,"minecraft:golden_boots":1,"biomesoplenty:umbran_stairs":10,"minecraft:stone_pickaxe":354,"minecraft:mangrove_planks":19,"minecraft:wooden_pickaxe":16,"minecraft:golden_apple":1,"minecraft:crafting_table":7,"minecraft:white_bed":4,"minecraft:oak_log":1,"waystones:waystone":1,"minecraft:apple":3,"minecraft:bread":6,"minecraft:iron_pickaxe":295,"touhou_little_maid:smart_slab_has_maid":2,"minecraft:golden_leggings":1,"minecraft:stone_axe":118,"minecraft:cobblestone":4,"minecraft:cooked_porkchop":6,"alexsmobs:animal_dictionary":1,"minecraft:golden_pickaxe":32},"minecraft:mined":{"minecraft:white_bed":4,"minecraft:farmland":2,"minecraft:stripped_mangrove_log":21,"minecraft:jungle_leaves":1,"gravestone:gravestone":4,"minecraft:grass_block":11,"minecraft:decorated_pot":1,"minecraft:jungle_log":1,"minecraft:mangrove_trapdoor":1,"minecraft:glowstone":2,"minecraft:furnace":1,"minecraft:raw_gold_block":24,"biomesoplenty:toadstool":6,"minecraft:iron_ore":29,"treechop:chopped_log":5,"biomesoplenty:umbran_stairs":3,"minecraft:stone":492,"minecraft:smoker":1,"minecraft:crafting_table":2,"minecraft:torch":2,"minecraft:emerald_ore":1,"minecraft:melon":4,"minecraft:chest":3,"minecraft:campfire":2,"minecraft:copper_ore":3,"minecraft:tall_grass":8,"minecraft:oak_planks":9,"minecraft:bricks":1,"minecraft:wall_torch":3,"minecraft:wheat":3,"minecraft:white_carpet":6,"minecraft:mangrove_planks":5,"minecraft:wither_rose":10,"minecraft:grass":21,"minecraft:oak_log":2,"minecraft:coal_ore":117,"minecraft:flower_pot":3,"minecraft:gravel":1,"minecraft:dirt":96,"minecraft:oak_leaves":6,"minecraft:fern":12}},"DataVersion":3465}